reportDir,timestamp,system,totalCases,status
database_benchmark_2026-05-30T21-22-22-132Z,2026-05-30T21:22:22.132Z,local node harness,30,PASS
database_matrix_2026-06-02T07-20-24-704Z,2026-06-02T07:20:24.704Z,local prisma benchmark harness,undefined,undefined
database_validation_2026-05-30T21-22-30-155Z,2026-05-30T21:22:30.155Z,local node harness,29,PASS
database_validation_2026-06-01T18-55-11-044Z,2026-06-01T18:55:11.044Z,local node harness,29,PASS
database_validation_2026-06-01T19-05-26-529Z,2026-06-01T19:05:26.529Z,local node harness,29,PASS
database_validation_2026-06-01T19-30-38-479Z,2026-06-01T19:30:38.479Z,local node harness,29,PASS
db_volume_large_2026-06-01T19-43-34-470Z,2026-06-01T19:43:36.147Z,undefined,undefined,undefined
db_volume_large_2026-06-01T19-44-06-653Z,2026-06-01T19:44:08.252Z,undefined,undefined,undefined
db_volume_large_2026-06-02T07-20-19-726Z,2026-06-02T07:20:20.275Z,undefined,undefined,undefined
db_volume_medium_2026-06-01T19-43-33-051Z,2026-06-01T19:43:33.402Z,undefined,undefined,undefined
db_volume_medium_2026-06-01T19-44-05-483Z,2026-06-01T19:44:05.787Z,undefined,undefined,undefined
db_volume_medium_2026-06-02T07-20-19-212Z,2026-06-02T07:20:19.361Z,undefined,undefined,undefined
db_volume_small_2026-06-01T19-43-31-992Z,2026-06-01T19:43:32.179Z,undefined,undefined,undefined
db_volume_small_2026-06-01T19-44-04-466Z,2026-06-01T19:44:04.634Z,undefined,undefined,undefined
db_volume_small_2026-06-01T19-44-27-127Z,2026-06-01T19:44:27.279Z,undefined,undefined,undefined
db_volume_small_2026-06-02T07-20-18-676Z,2026-06-02T07:20:18.775Z,undefined,undefined,undefined